Intercept,Slope
0.310871518200206,0.5090416684365277
