Intercept,First Parameter(L),Second Parameter (M),Third Parameter (A)
0.310871518200206,0.5181763062122635,-0.005911907472756984,0.030438994187074096
