Intercept,First Parameter(L),Second Parameter (A)
0.31645643767205206,0.5162365006876969,0.030544037949101717
