Intercept,Slope
0.29222369342042553,0.5090416684365277
